ИНН,дата_регистрации,физлицо
302203512,2012-02-15,0
303197970,2015-02-04,0
303294226,2015-04-08,0
301132000,2009-04-07,0
302701842,2013-09-09,0
308408687,2021-04-19,0
307602409,2020-07-29,0
302982043,2014-06-18,0
302490410,2013-02-07,0
304042245,2016-06-15,0
306458532,2019-05-27,0
306973225,2019-12-26,0
206610687,2006-05-31,0
305840161,2018-11-06,0
303085723,2014-11-07,0
309850123,2022-09-09,0
300746313,2008-03-04,0
308334321,2021-03-27,0
305830245,2018-10-31,0
305704574,2018-08-15,0
309576416,2022-05-23,0
305381267,2018-03-06,0
303429467,2015-08-27,0
304573795,2017-01-26,0
304613285,2017-02-06,0
302725306,2013-10-09,0
308415853,2021-04-20,0
302221166,2012-03-01,0
309527903,2022-05-07,0
306423932,2019-05-16,0
201051951,1995-07-03,0
204747897,2003-12-16,0
305371144,2018-03-03,0
304964094,2017-06-28,0
310784998,2023-09-15,0
305171188,2017-12-13,0
302495934,2013-02-12,0
307545598,2020-07-06,0
309703454,2022-07-06,0
305369399,2018-03-02,0
306488954,2019-06-08,0
307560200,2020-07-09,0
203227784,2000-03-30,0
300319606,2007-03-02,0
300410827,2007-04-17,0
310911808,2023-11-08,0
201057745,1995-07-28,0
303404696,2015-07-28,0
304943263,2017-06-13,0
300754311,2008-03-11,0
303914419,2016-04-25,0
306656634,2019-08-21,0
308095343,2021-01-19,0
204828638,2004-02-03,0
311620869,2024-09-16,0
201853934,1996-07-05,0
310036692,2022-11-23,0
307970538,2020-12-07,0
306719017,2019-09-19,0
308309572,2021-03-18,0
305794852,2018-10-09,0
307537077,2020-07-03,0
206636013,2006-06-07,0
305831576,2018-10-31,0
307219187,2020-03-10,0
308941722,2021-10-08,0
300812129,2008-04-22,0
309828250,2022-08-30,0
302944097,2014-05-12,0
307086860,2020-02-03,0
200795367,1996-11-18,0
301282464,2009-08-05,0
307513115,2020-06-26,0
305494309,2018-04-18,0
303901521,2016-04-14,0
308932384,2021-10-05,0
300994568,2008-12-01,0
308196519,2021-02-15,0
311821594,2025-01-09,0
309862155,2022-09-14,0
302728301,2013-10-14,0
204371361,2003-02-05,0
306479094,2019-06-03,0
304850815,2017-04-24,0
305118805,2017-11-02,0
201711200,1996-04-02,0
307638710,2020-08-13,0
200535214,1990-12-20,0
305444013,2018-03-29,0
207103754,2010-12-10,0
310847467,2023-10-12,0
308775311,2021-08-12,0
204174890,2003-05-14,0
311570267,2024-08-23,0
302956367,2014-05-21,0
201158929,1995-03-16,0
308648698,2021-07-05,0
202968703,1999-06-06,0
302588628,2013-04-24,0
309595321,2022-05-30,0
308318181,2021-03-23,0
304076528,2016-06-24,0
307476296,2020-06-16,0
310502785,2023-05-23,0
306239495,2019-03-14,0
311153072,2024-03-05,0
204733654,2003-12-02,0
303261204,2015-03-16,0
311423495,2024-06-25,0
201934896,1996-02-15,0
309674524,2022-06-24,0
309775073,2022-08-05,0
307715418,2020-09-10,0
308331302,2021-03-26,0
305847627,2018-11-09,0
305171267,2017-12-13,0
201577724,1994-08-02,0
305238901,2018-01-23,0
200258464,1967-12-26,0
303414383,2015-08-10,0
200625481,1997-12-25,0
310833310,2023-10-06,0
310554190,2023-06-12,0
309065514,2021-11-23,0
308348264,2021-04-01,0
307177684,2020-02-26,0
303287946,2015-04-04,0
310829702,2023-10-04,0
201879592,2010-03-23,0
309944353,2022-10-14,0
305489899,2018-04-16,0
306622503,2019-08-05,0
303726367,2016-01-15,0
309896460,2022-09-26,0
302767293,2013-12-11,0
305180920,2017-12-20,0
305601822,2018-06-12,0
200935509,1995-03-11,0
307867704,2020-11-02,0
310373963,2023-04-04,0
305561644,2018-05-22,0
308037944,2020-12-31,0
308637814,2021-06-30,0
305386315,2018-03-07,0
311053474,2024-01-23,0
200524196,1994-12-27,0
201964954,1996-01-16,0
311281871,2024-04-29,0
305926457,2018-12-29,0
200844566,1998-04-14,0
307078371,2020-01-30,0
306428459,2019-05-17,0
300264462,2007-02-15,0
202045159,1998-07-22,0
309337862,2022-03-03,0
302687401,2013-08-19,0
309996123,2022-11-04,0
309658391,2022-06-19,0
308134444,2021-02-01,0
307865682,2020-10-30,0
202717334,1998-12-18,0
309881590,2022-09-20,0
304269864,2016-08-24,0
300913065,2008-08-15,0
310262555,2023-02-24,0
302675678,2013-08-02,0
310240829,2023-02-17,0
309977716,2022-10-28,0
305763391,2018-09-20,0
307121785,2020-02-11,0
309760970,2022-08-01,0
306303875,2019-04-04,0
303009253,2014-07-21,0
312182242,2025-06-03,0
307913844,2020-11-17,0
310040959,2022-11-24,0
301538182,2010-03-12,0
308041932,2021-01-04,0
305270516,2018-02-02,0
308844154,2021-09-09,0
302121132,2011-10-19,0
306589662,2019-07-19,0
307985193,2020-12-11,0
308253770,2021-03-02,0
309433546,2022-04-04,0
306836900,2019-11-05,0
306170093,2019-02-21,0
304897732,2017-05-18,0
303251896,2015-03-10,0
304897004,2017-05-18,0
207143570,2012-02-23,0
303094443,2014-11-19,0
305727024,2018-09-05,0
306874238,2019-11-19,0
308030320,2020-12-28,0
200804401,1995-07-20,0
302787997,2014-01-09,0
308924995,2021-09-30,0
305116665,2017-11-01,0
203391852,2000-10-02,0
205827757,2005-09-26,0
307986746,2020-12-11,0
310539786,2023-06-06,0
206231201,2006-03-20,0
311976339,2025-03-12,0
309445791,2022-04-07,0
201079536,1998-12-24,0
311043107,2024-01-17,0
307910413,2020-11-16,0
305505394,2018-04-23,0
308665353,2021-07-12,0
302753010,2013-11-21,0
201121373,1995-09-21,0
305928501,2019-01-04,0
304847936,2017-04-21,0
304515312,2017-01-06,0
305856884,2018-11-15,0
201219850,1998-12-30,0
302817665,2014-02-04,0
311308305,2024-05-08,0
307856449,2020-10-27,0
205723619,2005-06-22,0
204239967,2002-11-06,0
306934874,2019-12-11,0
305569498,2018-05-25,0
305358816,2018-02-27,0
307773039,2020-09-29,0
310374922,2023-04-05,0
305726033,2018-09-05,0
307591463,2020-07-23,0
303144181,2015-01-09,0
308216634,2021-02-19,0
304168981,2016-07-21,0
311514381,2024-08-01,0
307967967,2020-12-04,0
305209311,2018-01-10,0
301763102,2010-12-21,0
308125519,2021-01-27,0
308010384,2020-12-18,0
302102836,2011-09-20,0
301028864,2009-01-15,0
304948350,2017-06-16,0
206025322,2006-02-01,0
301696067,2010-09-09,0
303457361,2015-09-30,0
311514667,2024-08-01,0
303078564,2014-10-27,0
308516656,2021-05-24,0
200562823,1993-04-28,0
302149254,2011-12-06,0
305859667,2018-11-16,0
305116239,2017-11-01,0
302322848,2012-06-08,0
302673206,2013-07-30,0
200663483,1997-03-13,0
308462234,2021-05-04,0
302794965,2014-01-16,0
302728910,2013-10-16,0
310009844,2022-11-10,0
301310602,2009-09-08,0
311238471,2024-04-13,0
305330725,2018-02-20,0
308419927,2021-04-21,0
305344779,2018-02-23,0
310944362,2023-11-23,0
303919119,2016-04-28,0
304981408,2017-07-11,0
309387334,2022-03-18,0
309136005,2021-12-20,0
307836267,2020-10-20,0
304918482,2017-05-30,0
307460104,2020-06-10,0
201720467,1995-08-19,0
306895433,2019-11-27,0
302920049,2014-04-17,0
311008188,2023-12-28,0
309347748,2022-03-05,0
306357420,2019-04-22,0
307774298,2020-09-30,0
304478493,2016-12-15,0
205190999,2004-08-09,0
308880997,2021-09-21,0
304113869,2016-07-04,0
301985134,2011-05-10,0
302474628,2013-01-25,0
305940060,2019-01-07,0
203951147,2002-03-19,0
305826430,2018-10-29,0
205860282,2005-10-28,0
308389808,2021-04-13,0
304374093,2016-10-14,0
304458558,2016-12-05,0
308407578,2021-04-19,0
305163553,2017-12-06,0
301849800,2011-02-17,0
300034258,2006-10-26,0
305799039,2018-10-11,0
310059989,2022-12-02,0
307848039,2020-10-24,0
302369353,2012-08-22,0
311078094,2024-02-02,0
306364800,2019-04-24,0
306963181,2019-12-23,0
207093096,2010-08-10,0
306602417,2019-07-25,0
202536464,1998-04-02,0
207013867,2009-07-16,0
310877612,2023-10-26,0
312079599,2025-04-22,0
309798155,2022-08-15,0
305255557,2018-01-29,0
307241494,2020-03-18,0
307133723,2020-02-14,0
301722176,2010-10-21,0
204356180,2003-01-30,0
202728691,1998-12-31,0
307560952,2020-07-09,0
300113278,2007-01-02,0
306781702,2019-10-14,0
300966428,2008-10-20,0
311063826,2024-01-27,0
302706090,2013-09-16,0
305922099,2018-12-26,0
303290801,2015-04-06,0
200637696,1991-10-25,0
308377885,2021-04-08,0
310400754,2023-04-13,0
200524932,1995-12-15,0
309071024,2021-11-25,0
310382944,2023-04-07,0
305664483,2018-07-23,0
200623872,1995-01-17,0
309748034,2022-07-27,0
300547085,2007-08-22,0
305634314,2018-07-04,0
302650471,2013-07-01,0
307476368,2020-06-16,0
306661939,2019-08-23,0
200640529,1997-08-25,0
304369028,2016-10-12,0
302960141,2014-05-26,0
304354538,2016-10-05,0
305152764,2017-11-28,0
307742504,2020-09-18,0
309682467,2022-06-28,0
308715020,2021-07-23,0
304424670,2016-11-14,0
203630546,2001-06-18,0
310329256,2023-03-17,0
312143511,2025-05-19,0
306282928,2019-04-01,0
310914383,2023-11-09,0
305585123,2018-06-04,0
308170574,2021-02-08,0
310811630,2023-09-27,0
306426818,2019-05-16,0
305366854,2018-03-02,0
308467568,2021-05-05,0
207162342,2012-10-23,0
304365509,2016-10-11,0
304459144,2016-12-05,0
310434450,2023-04-28,0
303315134,2015-04-24,0
204404595,2003-02-26,0
307497509,2020-06-22,0
303922890,2016-05-02,0
303485074,2015-11-03,0
309668253,2022-06-22,0
300066115,2006-11-29,0
207140551,2012-01-11,0
308841539,2021-09-08,0
302830929,2014-02-15,0
302343315,2012-07-09,0
305678140,2018-07-31,0
305687984,2018-08-06,0
201221605,1996-02-19,0
201113690,1995-04-24,0
206974614,2008-09-10,0
201334020,1995-10-20,0
300935078,2008-09-15,0
310328503,2023-03-17,0
300402148,2007-04-10,0
307917901,2020-11-18,0
306342227,2019-04-17,0
308827087,2021-08-31,0
308347234,2021-04-01,0
311141357,2024-02-29,0
306918426,2019-12-04,0
306730908,2019-09-24,0
305006708,2017-08-02,0
309441892,2022-04-06,0
308148727,2021-02-03,0
303230700,2015-02-23,0
202449952,1997-12-25,0
307822973,2020-10-15,0
304345270,2016-09-30,0
304055521,2016-06-17,0
307344982,2020-05-07,0
309423416,2022-03-31,0
305417686,2018-03-16,0
308516972,2021-05-24,0
205738908,2005-07-06,0
304893699,2017-05-16,0
301519284,2010-02-26,0
302671991,2013-07-26,0
305672822,2018-07-27,0
303362362,2015-06-10,0
201863115,1996-06-28,0
201220400,1994-12-07,0
306108531,2019-02-07,0
303365872,2015-06-15,0
306099061,2019-02-06,0
306249981,2019-03-18,0
305659529,2018-07-19,0
306176378,2019-02-23,0
306844528,2019-11-07,0
306822214,2019-10-30,0
200655484,1994-09-12,0
303320596,2015-04-30,0
310049233,2022-11-28,0
310943593,2023-11-23,0
303199683,2015-02-05,0
200799994,1995-03-23,0
310791530,2023-09-19,0
301881193,2011-03-04,0
306397284,2019-05-06,0
304339490,2016-09-28,0
310744650,2023-08-29,0
308950015,2021-10-12,0
307862924,2020-10-29,0
310971496,2023-12-07,0
304398450,2016-10-31,0
302089124,2011-08-25,0
305553542,2018-05-17,0
307239352,2020-03-17,0
204288868,2002-12-20,0
306306199,2019-04-05,0
302379848,2012-09-07,0
311349112,2024-05-24,0
304965330,2017-06-29,0
302631051,2013-06-07,0
201797918,1995-12-29,0
305188506,2017-12-27,0
304723774,2017-03-09,0
304087743,2016-06-27,0
303998773,2016-06-02,0
304757296,2017-03-22,0
301894937,2011-03-14,0
301291889,2009-08-17,0
305770108,2018-09-24,0
300691691,2008-01-23,0
301146244,2009-04-16,0
204246405,2002-11-11,0
306531878,2019-06-25,0
302522646,2013-02-28,0
303412386,2015-08-06,0
200992312,1999-03-05,0
306105504,2019-02-07,0
306925101,2019-12-07,0
204775594,2004-01-07,0
304423862,2016-11-14,0
302175556,2012-01-16,0
301584634,2010-04-19,0
307159531,2020-02-20,0
300234776,2007-02-08,0
305399425,2018-03-12,0
305202962,2018-01-09,0
301698705,2010-09-15,0
307868805,2020-11-02,0
304933609,2017-06-07,0
309553706,2022-05-16,0
306884028,2019-11-22,0
300477649,2007-06-06,0
306929049,2019-12-09,0
306511245,2019-06-17,0
305484067,2018-04-13,0
301273862,2009-07-28,0
307260867,2020-03-26,0
312029288,2025-04-02,0
307123220,2020-02-11,0
205274290,2004-11-17,0
310418944,2023-04-20,0
305741934,2018-09-11,0
307464651,2020-06-11,0
205270162,2004-11-12,0
308878737,2021-09-21,0
307517648,2020-06-29,0
306566596,2019-07-09,0
305156291,2017-11-30,0
203499804,2000-12-30,0
304525355,2017-01-11,0
311870581,2025-01-28,0
306828474,2019-11-01,0
311837827,2025-01-16,0
301099864,2009-03-16,0
301276794,2009-07-30,0
308388334,2021-04-13,0
304515938,2017-01-06,0
301792272,2011-01-07,0
308622786,2021-06-25,0
311715622,2024-11-03,0
302521093,2013-02-27,0
305744787,2018-09-12,0
305725533,2018-08-30,0
205299513,2004-12-13,0
309478774,2022-04-19,0
309392607,2022-03-24,0
305628083,2018-07-02,0
300629007,2007-11-26,0
310731873,2023-08-23,0
202545501,1998-04-04,0
305212863,2018-01-12,0
306617365,2019-08-01,0
203040949,1999-11-10,0
300512217,2007-07-17,0
310766734,2023-09-08,0
309915301,2022-10-01,0
309780994,2022-08-09,0
307511957,2020-06-26,0
307615605,2020-08-05,0
305032390,2017-08-22,0
305599445,2018-06-12,0
306572684,2019-07-11,0
301796504,2011-01-12,0
309514230,2022-04-29,0
201219044,1993-06-19,0
308458246,2021-05-03,0
311409883,2024-06-20,0
306763691,2019-10-07,0
306547453,2019-07-01,0
308370570,2021-04-07,0
301121591,2009-03-30,0
308768160,2021-08-11,0
302307611,2012-05-22,0
301758344,2010-12-16,0
303867303,2016-03-24,0
303500371,2015-11-24,0
301992704,2011-05-16,0
301419994,2009-12-28,0
305108453,2017-10-26,0
309373029,2022-03-14,0
306145684,2019-02-15,0
301738599,2010-11-19,0
305163498,2017-12-06,0
305609565,2018-06-19,0
301945064,2011-04-11,0
302946972,2014-05-13,0
305710687,2018-08-20,0
206119988,2006-02-16,0
309989409,2022-11-02,0
308518234,2021-05-24,0
306591281,2019-07-19,0
300106468,2006-12-27,0
307629358,2020-08-11,0
306351549,2019-04-19,0
301921214,2011-03-29,0
300901025,2008-07-31,0
301741952,2010-11-25,0
309609049,2022-06-02,0
305647392,2018-07-12,0
304706683,2017-03-02,0
305191772,2018-01-04,0
300173584,2007-01-25,0
309245186,2022-02-01,0
308858714,2021-09-14,0
309670814,2022-06-23,0
301583588,2010-04-17,0
302935338,2014-05-01,0
303927045,2016-05-04,0
306684807,2019-09-05,0
308890390,2021-09-23,0
301129802,2009-04-06,0
308183147,2021-02-11,0
309327621,2022-02-28,0
307181499,2020-02-27,0
311682547,2024-10-15,0
302997808,2014-07-08,0
300567164,2007-09-17,0
304599747,2017-02-02,0
207161874,2012-10-15,0
309307187,2022-02-22,0
305307174,2018-02-14,0
305516215,2018-04-27,0
312244425,2025-07-01,0
202101856,1997-01-23,0
303472574,2015-10-19,0
310326269,2023-03-16,0
303044274,2014-09-09,0
309743778,2022-07-26,0
201207257,1995-08-09,0
309881124,2022-09-20,0
305616605,2018-06-22,0
306311161,2019-04-08,0
300787279,2008-03-31,0
303920854,2016-04-29,0
307531465,2020-07-02,0
304982785,2017-07-12,0
305662494,2018-07-20,0
305801264,2018-10-12,0
303865528,2016-03-24,0
200648635,1998-09-14,0
308284868,2021-03-11,0
304115747,2016-07-04,0
301085313,2009-03-02,0
305700081,2018-08-13,0
205502949,2005-03-03,0
200663254,1995-03-24,0
303566194,2015-12-16,0
307079727,2020-01-30,0
310648359,2023-07-21,0
308225100,2021-02-22,0
302991981,2014-07-01,0
306205625,2019-03-04,0
301591301,2010-04-23,0
302862334,2014-03-10,0
305110627,2017-10-27,0
310196756,2023-02-03,0
301327951,2009-09-25,0
310945044,2023-11-23,0
303007518,2014-07-18,0
311950545,2025-02-27,0
301667363,2010-07-27,0
309082335,2021-11-30,0
306640520,2019-08-13,0
312461053,2025-09-25,0
203612164,2001-05-14,0
303764756,2016-01-29,0
301403715,2009-12-15,0
307540992,2020-07-04,0
307476541,2020-06-16,0
303403666,2015-07-27,0
307878136,2020-11-04,0
307191580,2020-03-03,0
300520230,2007-07-24,0
305153233,2017-11-28,0
301182629,2009-05-12,0
305689490,2018-08-07,0
302877949,2014-03-24,0
304928218,2017-06-05,0
305071146,2017-09-25,0
305323203,2018-02-19,0
305809823,2018-10-17,0
310941439,2023-11-22,0
203360835,2000-08-15,0
307849868,2020-10-26,0
200723108,1994-12-23,0
203650972,2001-07-05,0
309499187,2022-04-26,0
306524197,2019-06-21,0
309314511,2022-02-23,0
307442251,2020-06-04,0
300634681,2007-12-04,0
300543416,2007-08-16,0
305883544,2018-12-03,0
305807304,2018-10-16,0
309500114,2022-04-26,0
207243390,1995-09-07,0
300007875,2006-09-21,0
304514915,2017-01-06,0
305661456,2018-07-20,0
311431541,2024-06-28,0
301437886,2010-01-12,0
309479418,2022-04-19,0
206858250,2007-04-30,0
310140518,2023-01-10,0
200897524,1994-04-11,0
300055492,2006-11-17,0
302593567,2013-04-30,0
302142676,2011-11-23,0
303311575,2015-04-22,0
301542614,2010-03-15,0
302180796,2012-01-19,0
310420248,2023-04-25,0
311199750,2024-03-28,0
303815952,2016-02-23,0
309019086,2021-11-04,0
206814155,2006-11-07,0
200950324,1994-10-20,0
308415157,2021-04-20,0
200845651,1997-07-09,0
300336696,2007-03-09,0
300081747,2006-12-15,0
308155172,2021-02-04,0
307832637,2020-10-19,0
310429203,2023-04-28,0
310667589,2023-07-28,0
305775170,2018-09-26,0
311522816,2024-08-05,0
304207609,2016-08-02,0
308895051,2021-09-24,0
309464262,2022-04-13,0
305766009,2018-09-21,0
310523411,2023-05-31,0
302171554,2012-01-10,0
309087296,2021-12-01,0
301476198,2010-02-01,0
305167319,2017-12-11,0
302814812,2014-01-31,0
302522203,2013-02-28,0
302732400,2013-10-21,0
310010994,2022-11-11,0
307255871,2020-03-24,0
304989277,2017-07-18,0
310230294,2023-02-15,0
307951394,2020-11-30,0
306569054,2019-07-10,0
307569171,2020-07-14,0
311488519,2024-07-22,0
308063969,2021-01-11,0
306679147,2019-09-04,0
311651807,2024-09-27,0
306358902,2019-04-23,0
305583584,2018-06-04,0
310370327,2023-04-03,0
205424602,2005-02-11,0
306411630,2019-05-13,0
307125068,2020-02-12,0
305084106,2017-10-06,0
308022916,2020-12-24,0
305643976,2018-07-10,0
311774241,2024-12-06,0
309493869,2022-04-23,0
308299610,2021-03-16,0
305711005,2018-08-22,0
306535413,2019-06-26,0
307137345,2020-02-14,0
305715964,2018-08-25,0
308778101,2021-08-13,0
303082324,2014-11-03,0
305309353,2018-02-14,0
301923314,2011-03-30,0
304368210,2016-10-12,0
307757001,2020-09-23,0
205337149,2005-01-18,0
311146341,2024-03-04,0
310193547,2023-02-02,0
306016536,2019-01-21,0
308522071,2021-05-25,0
307437921,2020-06-03,0
301137509,2009-04-10,0
205669075,2005-05-12,0
202244077,1997-04-16,0
305561422,2018-05-23,0
307463828,2020-06-11,0
301448097,2010-01-18,0
300488230,2007-06-19,0
304179952,2016-07-25,0
200238077,1994-12-30,0
201591218,1996-01-22,0
205761739,2005-07-22,0
301594946,2010-04-28,0
308015021,2020-12-21,0
305269554,2018-02-02,0
306628709,2019-08-07,0
303405520,2015-07-29,0
308645726,2021-07-03,0
308646771,2021-07-05,0
311658772,2024-10-02,0
204757054,2003-12-25,0
307910563,2020-11-16,0
303426692,2015-08-24,0
310708891,2023-08-14,0
307761243,2020-09-25,0
306359441,2019-04-23,0
201070668,1995-06-16,0
308710510,2021-07-17,0
305950594,2019-01-08,0
200801595,1994-12-21,0
310169259,2023-01-25,0
300837112,2008-05-16,0
309293365,2022-02-16,0
308517472,2021-05-24,0
310118638,2022-12-28,0
302699236,2013-09-05,0
